{"cameraMode":{"drawMode":0,"name":"Shaded","section":"Shading Mode"},"sceneLighting":false,"audioPlay":false,"sceneViewState":{"showFog":false,"showMaterialUpdate":false,"showSkybox":false,"showFlares":true,"showImageEffects":true,"showParticleSystems":true},"in2DMode":false,"pivot":{"x":0.7867069840431213,"y":2.052563190460205,"z":-1.1981112957000733},"rotation":{"x":-0.19524788856506349,"y":0.7942739129066467,"z":-0.32817408442497256,"w":-0.47255581617355349},"size":6.801748752593994,"orthographic":false}