{"cameraMode":{"drawMode":0,"name":"Shaded","section":"Shading Mode"},"sceneLighting":true,"audioPlay":false,"sceneViewState":{"showFog":false,"showMaterialUpdate":false,"showSkybox":false,"showFlares":true,"showImageEffects":true,"showParticleSystems":true},"in2DMode":false,"pivot":{"x":0.15221023559570313,"y":-1.7569408416748047,"z":12.976042747497559},"rotation":{"x":-0.19524788856506349,"y":0.7942739129066467,"z":-0.32817408442497256,"w":-0.47255581617355349},"size":44.680580139160159,"orthographic":false}