{"cameraMode":{"drawMode":0,"name":"Shaded","section":"Shading Mode"},"sceneLighting":true,"audioPlay":false,"sceneViewState":{"showFog":false,"showMaterialUpdate":false,"showSkybox":false,"showFlares":true,"showImageEffects":true,"showParticleSystems":true},"in2DMode":false,"pivot":{"x":0.40427008271217348,"y":1.283538818359375,"z":-15.420940399169922},"rotation":{"x":-0.44654351472854617,"y":-3.8503312538296089e-8,"z":1.1060072857560499e-8,"w":-0.8947619795799255},"size":76.1373519897461,"orthographic":false}